OrderID,Date,Product,Quantity,UnitPrice,CustomerCity,Category,TotalSales,Month,MonthNo
1001,2025-04-13,Smartwatch,1,400,Alexandria,Accessories,400,Apr,4
1002,2025-12-15,Smartphone,1,250,Tanta,Electronics,250,Dec,12
1003,2025-09-28,Smartwatch,1,1200,Tanta,Accessories,1200,Sep,9
1004,2025-04-17,Tablet,1,250,Tanta,Electronics,250,Apr,4
1005,2025-03-13,Smartwatch,2,1200,Tanta,Accessories,2400,Mar,3
1006,2025-07-08,Laptop,4,1200,Tanta,Electronics,4800,Jul,7
1007,2025-01-21,Smartwatch,4,800,Cairo,Accessories,3200,Jan,1
1008,2025-04-13,Laptop,3,250,Mansoura,Electronics,750,Apr,4
1009,2025-05-02,Laptop,2,250,Cairo,Electronics,500,May,5
1010,2025-08-03,Tablet,1,400,Tanta,Electronics,400,Aug,8
1011,2025-11-27,Laptop,2,400,Alexandria,Electronics,800,Nov,11
1012,2025-03-29,Tablet,3,800,Alexandria,Electronics,2400,Mar,3
1013,2025-04-10,Tablet,3,800,Tanta,Electronics,2400,Apr,4
1014,2025-12-26,Smartphone,2,150,Tanta,Electronics,300,Dec,12
1015,2025-06-01,Smartphone,2,400,Alexandria,Electronics,800,Jun,6
1016,2025-05-11,Smartphone,2,1200,Cairo,Electronics,2400,May,5
1017,2025-05-30,Smartphone,4,250,Cairo,Electronics,1000,May,5
1018,2025-11-05,Smartphone,1,800,Tanta,Electronics,800,Nov,11
1019,2025-09-15,Smartwatch,2,250,Cairo,Accessories,500,Sep,9
1020,2025-12-10,Smartphone,2,250,Alexandria,Electronics,500,Dec,12
1021,2025-10-21,Laptop,2,150,Cairo,Electronics,300,Oct,10
1022,2025-07-11,Headphones,3,400,Tanta,Accessories,1200,Jul,7
1023,2025-10-04,Smartphone,3,800,Alexandria,Electronics,2400,Oct,10
1024,2025-06-10,Headphones,4,250,Cairo,Accessories,1000,Jun,6
1025,2025-11-10,Smartphone,1,800,Mansoura,Electronics,800,Nov,11
1026,2025-01-22,Smartphone,4,1200,Alexandria,Electronics,4800,Jan,1
1027,2025-09-10,Smartwatch,1,150,Alexandria,Accessories,150,Sep,9
1028,2025-08-24,Smartwatch,3,1200,Mansoura,Accessories,3600,Aug,8
1029,2025-12-11,Headphones,3,800,Mansoura,Accessories,2400,Dec,12
1030,2025-02-18,Smartwatch,3,800,Alexandria,Accessories,2400,Feb,2
1031,2025-02-28,Headphones,4,400,Mansoura,Accessories,1600,Feb,2
1032,2025-06-19,Smartphone,2,250,Tanta,Electronics,500,Jun,6
1033,2025-07-07,Smartphone,2,250,Tanta,Electronics,500,Jul,7
1034,2025-09-28,Headphones,3,1200,Tanta,Accessories,3600,Sep,9
1035,2025-07-09,Headphones,2,150,Alexandria,Accessories,300,Jul,7
1036,2025-06-24,Tablet,2,250,Mansoura,Electronics,500,Jun,6
1037,2025-02-20,Laptop,4,400,Mansoura,Electronics,1600,Feb,2
1038,2025-12-30,Laptop,1,1200,Cairo,Electronics,1200,Dec,12
1039,2025-02-24,Headphones,3,1200,Cairo,Accessories,3600,Feb,2
1040,2025-09-01,Laptop,3,400,Mansoura,Electronics,1200,Sep,9
1041,2025-11-16,Tablet,4,150,Mansoura,Electronics,600,Nov,11
1042,2025-05-11,Headphones,4,400,Mansoura,Accessories,1600,May,5
1043,2025-11-03,Laptop,2,150,Alexandria,Electronics,300,Nov,11
1044,2025-05-15,Headphones,3,400,Mansoura,Accessories,1200,May,5
1045,2025-01-21,Headphones,1,400,Cairo,Accessories,400,Jan,1
1046,2025-11-25,Smartphone,4,800,Alexandria,Electronics,3200,Nov,11
1047,2025-06-16,Tablet,1,1200,Mansoura,Electronics,1200,Jun,6
1048,2025-10-01,Laptop,1,400,Cairo,Electronics,400,Oct,10
1049,2025-03-30,Headphones,3,400,Alexandria,Accessories,1200,Mar,3
1050,2025-11-12,Laptop,3,250,Mansoura,Electronics,750,Nov,11
1051,2025-01-14,Headphones,4,1200,Mansoura,Accessories,4800,Jan,1
1052,2025-08-30,Laptop,3,250,Mansoura,Electronics,750,Aug,8
1053,2025-09-22,Smartphone,3,1200,Alexandria,Electronics,3600,Sep,9
1054,2025-12-12,Tablet,3,250,Cairo,Electronics,750,Dec,12
1055,2025-02-22,Smartphone,1,400,Cairo,Electronics,400,Feb,2
1056,2025-12-06,Laptop,4,400,Tanta,Electronics,1600,Dec,12
1057,2025-04-02,Tablet,2,800,Mansoura,Electronics,1600,Apr,4
1058,2025-09-21,Tablet,1,250,Tanta,Electronics,250,Sep,9
1059,2025-02-04,Smartwatch,3,150,Tanta,Accessories,450,Feb,2
1060,2025-07-25,Smartwatch,1,800,Cairo,Accessories,800,Jul,7
1061,2025-03-22,Laptop,3,250,Alexandria,Electronics,750,Mar,3
1062,2025-02-19,Smartphone,3,250,Alexandria,Electronics,750,Feb,2
1063,2025-12-26,Laptop,1,800,Cairo,Electronics,800,Dec,12
1064,2025-01-02,Smartwatch,4,400,Alexandria,Accessories,1600,Jan,1
1065,2025-02-23,Headphones,3,250,Tanta,Accessories,750,Feb,2
1066,2025-04-16,Headphones,4,400,Mansoura,Accessories,1600,Apr,4
1067,2025-09-17,Headphones,2,800,Cairo,Accessories,1600,Sep,9
1068,2025-11-06,Smartphone,3,400,Mansoura,Electronics,1200,Nov,11
1069,2025-07-10,Laptop,4,1200,Alexandria,Electronics,4800,Jul,7
1070,2025-08-06,Smartphone,4,150,Mansoura,Electronics,600,Aug,8
1071,2025-02-13,Laptop,2,250,Alexandria,Electronics,500,Feb,2
1072,2025-06-11,Laptop,4,150,Alexandria,Electronics,600,Jun,6
1073,2025-07-21,Headphones,4,400,Tanta,Accessories,1600,Jul,7
1074,2025-09-27,Laptop,2,250,Alexandria,Electronics,500,Sep,9
1075,2025-12-17,Smartphone,3,400,Tanta,Electronics,1200,Dec,12
1076,2025-10-31,Smartphone,4,1200,Tanta,Electronics,4800,Oct,10
1077,2025-09-28,Headphones,4,800,Tanta,Accessories,3200,Sep,9
1078,2025-08-03,Smartwatch,4,250,Cairo,Accessories,1000,Aug,8
1079,2025-09-09,Smartphone,1,1200,Cairo,Electronics,1200,Sep,9
1080,2025-07-09,Smartphone,2,1200,Alexandria,Electronics,2400,Jul,7
1081,2025-10-23,Smartwatch,1,250,Tanta,Accessories,250,Oct,10
1082,2025-08-01,Smartphone,2,400,Cairo,Electronics,800,Aug,8
1083,2025-07-27,Headphones,3,1200,Tanta,Accessories,3600,Jul,7
1084,2025-08-25,Smartwatch,3,150,Mansoura,Accessories,450,Aug,8
1085,2025-12-04,Smartphone,4,1200,Mansoura,Electronics,4800,Dec,12
1086,2025-02-22,Smartphone,2,400,Mansoura,Electronics,800,Feb,2
1087,2025-10-07,Tablet,3,400,Alexandria,Electronics,1200,Oct,10
1088,2025-08-05,Laptop,2,150,Tanta,Electronics,300,Aug,8
1089,2025-09-09,Laptop,3,1200,Mansoura,Electronics,3600,Sep,9
1090,2025-07-07,Headphones,1,400,Cairo,Accessories,400,Jul,7
1091,2025-02-10,Tablet,3,250,Mansoura,Electronics,750,Feb,2
1092,2025-06-06,Tablet,1,800,Mansoura,Electronics,800,Jun,6
1093,2025-01-15,Headphones,3,800,Mansoura,Accessories,2400,Jan,1
1094,2025-10-28,Laptop,4,800,Alexandria,Electronics,3200,Oct,10
1095,2025-03-06,Smartphone,1,1200,Cairo,Electronics,1200,Mar,3
1096,2025-12-11,Headphones,3,150,Tanta,Accessories,450,Dec,12
1097,2025-11-23,Smartwatch,4,400,Cairo,Accessories,1600,Nov,11
1098,2025-01-09,Laptop,1,250,Tanta,Electronics,250,Jan,1
1099,2025-12-10,Tablet,4,250,Alexandria,Electronics,1000,Dec,12
1100,2025-05-09,Smartphone,2,1200,Alexandria,Electronics,2400,May,5
1101,2025-05-16,Laptop,2,800,Alexandria,Electronics,1600,May,5
1102,2025-03-04,Smartphone,1,1200,Alexandria,Electronics,1200,Mar,3
1103,2025-05-19,Laptop,3,150,Tanta,Electronics,450,May,5
1104,2025-03-22,Smartphone,1,150,Mansoura,Electronics,150,Mar,3
1105,2025-06-12,Smartphone,4,400,Tanta,Electronics,1600,Jun,6
1106,2025-10-16,Smartphone,3,400,Cairo,Electronics,1200,Oct,10
1107,2025-09-18,Smartwatch,2,150,Alexandria,Accessories,300,Sep,9
1108,2025-08-19,Smartwatch,3,150,Alexandria,Accessories,450,Aug,8
1109,2025-02-10,Smartwatch,2,150,Cairo,Accessories,300,Feb,2
1110,2025-01-28,Tablet,3,1200,Tanta,Electronics,3600,Jan,1
1111,2025-05-15,Laptop,3,150,Mansoura,Electronics,450,May,5
1112,2025-07-20,Smartphone,3,250,Mansoura,Electronics,750,Jul,7
1113,2025-11-24,Headphones,4,800,Cairo,Accessories,3200,Nov,11
1114,2025-09-25,Smartphone,4,150,Mansoura,Electronics,600,Sep,9
1115,2025-02-02,Tablet,1,800,Tanta,Electronics,800,Feb,2
1116,2025-02-17,Smartphone,1,1200,Tanta,Electronics,1200,Feb,2
1117,2025-03-03,Tablet,2,800,Cairo,Electronics,1600,Mar,3
1118,2025-08-04,Smartphone,4,1200,Tanta,Electronics,4800,Aug,8
1119,2025-10-20,Headphones,2,250,Alexandria,Accessories,500,Oct,10
1120,2025-04-09,Laptop,1,1200,Cairo,Electronics,1200,Apr,4
1121,2025-06-21,Tablet,2,1200,Tanta,Electronics,2400,Jun,6
1122,2025-12-26,Smartphone,1,400,Cairo,Electronics,400,Dec,12
1123,2025-08-02,Smartwatch,4,150,Mansoura,Accessories,600,Aug,8
1124,2025-02-04,Tablet,3,150,Tanta,Electronics,450,Feb,2
1125,2025-08-15,Laptop,4,250,Alexandria,Electronics,1000,Aug,8
1126,2025-04-11,Smartwatch,2,250,Tanta,Accessories,500,Apr,4
1127,2025-05-11,Smartwatch,2,150,Cairo,Accessories,300,May,5
1128,2025-09-14,Laptop,4,400,Cairo,Electronics,1600,Sep,9
1129,2025-01-05,Smartwatch,4,150,Tanta,Accessories,600,Jan,1
1130,2025-08-06,Smartwatch,1,400,Alexandria,Accessories,400,Aug,8
1131,2025-09-12,Tablet,2,250,Alexandria,Electronics,500,Sep,9
1132,2025-12-25,Smartphone,2,800,Alexandria,Electronics,1600,Dec,12
1133,2025-10-10,Smartphone,4,250,Cairo,Electronics,1000,Oct,10
1134,2025-07-26,Tablet,3,250,Tanta,Electronics,750,Jul,7
1135,2025-01-15,Headphones,2,1200,Mansoura,Accessories,2400,Jan,1
1136,2025-12-12,Laptop,3,1200,Cairo,Electronics,3600,Dec,12
1137,2025-02-11,Smartwatch,4,1200,Alexandria,Accessories,4800,Feb,2
1138,2025-06-28,Smartphone,4,1200,Tanta,Electronics,4800,Jun,6
1139,2025-03-04,Smartphone,1,400,Alexandria,Electronics,400,Mar,3
1140,2025-12-18,Laptop,2,150,Mansoura,Electronics,300,Dec,12
1141,2025-08-19,Laptop,3,800,Alexandria,Electronics,2400,Aug,8
1142,2025-08-29,Smartwatch,1,250,Alexandria,Accessories,250,Aug,8
1143,2025-02-21,Smartphone,2,400,Mansoura,Electronics,800,Feb,2
1144,2025-04-06,Tablet,1,800,Tanta,Electronics,800,Apr,4
1145,2025-08-10,Tablet,4,400,Cairo,Electronics,1600,Aug,8
1146,2025-08-19,Smartwatch,2,400,Tanta,Accessories,800,Aug,8
1147,2025-08-25,Laptop,1,250,Mansoura,Electronics,250,Aug,8
1148,2025-05-23,Laptop,1,150,Alexandria,Electronics,150,May,5
1149,2025-06-20,Headphones,3,1200,Tanta,Accessories,3600,Jun,6
1150,2025-01-29,Smartwatch,1,150,Cairo,Accessories,150,Jan,1
1151,2025-02-05,Smartphone,2,250,Mansoura,Electronics,500,Feb,2
1152,2025-01-13,Tablet,2,250,Tanta,Electronics,500,Jan,1
1153,2025-06-09,Headphones,3,250,Cairo,Accessories,750,Jun,6
1154,2025-11-23,Tablet,2,800,Mansoura,Electronics,1600,Nov,11
1155,2025-07-06,Smartwatch,4,150,Cairo,Accessories,600,Jul,7
1156,2025-08-31,Smartwatch,2,150,Mansoura,Accessories,300,Aug,8
1157,2025-03-27,Laptop,2,400,Alexandria,Electronics,800,Mar,3
1158,2025-10-11,Tablet,1,400,Tanta,Electronics,400,Oct,10
1159,2025-03-07,Headphones,1,400,Cairo,Accessories,400,Mar,3
1160,2025-06-19,Smartphone,2,250,Mansoura,Electronics,500,Jun,6
1161,2025-02-14,Smartphone,3,150,Cairo,Electronics,450,Feb,2
1162,2025-03-03,Laptop,1,250,Cairo,Electronics,250,Mar,3
1163,2025-05-14,Headphones,3,800,Tanta,Accessories,2400,May,5
1164,2025-10-11,Tablet,2,400,Alexandria,Electronics,800,Oct,10
1165,2025-01-28,Smartphone,2,250,Cairo,Electronics,500,Jan,1
1166,2025-04-18,Smartwatch,4,250,Mansoura,Accessories,1000,Apr,4
1167,2025-02-13,Laptop,1,800,Mansoura,Electronics,800,Feb,2
1168,2025-12-06,Tablet,2,1200,Alexandria,Electronics,2400,Dec,12
1169,2025-10-13,Headphones,4,150,Mansoura,Accessories,600,Oct,10
1170,2025-11-27,Headphones,1,1200,Alexandria,Accessories,1200,Nov,11
1171,2025-05-08,Laptop,2,400,Mansoura,Electronics,800,May,5
1172,2025-12-14,Laptop,2,250,Tanta,Electronics,500,Dec,12
1173,2025-08-19,Smartphone,1,800,Cairo,Electronics,800,Aug,8
1174,2025-07-09,Smartphone,1,800,Tanta,Electronics,800,Jul,7
1175,2025-08-13,Headphones,1,150,Cairo,Accessories,150,Aug,8
1176,2025-10-10,Headphones,2,1200,Cairo,Accessories,2400,Oct,10
1177,2025-05-01,Tablet,2,150,Cairo,Electronics,300,May,5
1178,2025-04-26,Tablet,4,250,Tanta,Electronics,1000,Apr,4
1179,2025-08-21,Smartwatch,3,150,Cairo,Accessories,450,Aug,8
1180,2025-09-16,Headphones,1,800,Tanta,Accessories,800,Sep,9
1181,2025-12-25,Tablet,2,800,Alexandria,Electronics,1600,Dec,12
1182,2025-07-17,Headphones,2,400,Mansoura,Accessories,800,Jul,7
1183,2025-05-17,Smartphone,1,400,Mansoura,Electronics,400,May,5
1184,2025-11-14,Laptop,3,250,Cairo,Electronics,750,Nov,11
1185,2025-06-14,Smartphone,1,1200,Tanta,Electronics,1200,Jun,6
1186,2025-08-13,Tablet,3,150,Mansoura,Electronics,450,Aug,8
1187,2025-11-03,Smartwatch,2,250,Tanta,Accessories,500,Nov,11
1188,2025-08-22,Smartphone,3,400,Tanta,Electronics,1200,Aug,8
1189,2025-06-21,Smartwatch,4,150,Cairo,Accessories,600,Jun,6
1190,2025-06-01,Smartwatch,2,400,Mansoura,Accessories,800,Jun,6
1191,2025-11-11,Laptop,4,150,Cairo,Electronics,600,Nov,11
1192,2025-06-09,Smartphone,1,1200,Cairo,Electronics,1200,Jun,6
1193,2025-04-06,Smartwatch,1,250,Mansoura,Accessories,250,Apr,4
1194,2025-08-21,Laptop,1,150,Mansoura,Electronics,150,Aug,8
1195,2025-06-29,Headphones,3,800,Alexandria,Accessories,2400,Jun,6
1196,2025-04-23,Laptop,2,800,Alexandria,Electronics,1600,Apr,4
1197,2025-11-14,Headphones,1,150,Tanta,Accessories,150,Nov,11
1198,2025-02-21,Smartwatch,1,150,Mansoura,Accessories,150,Feb,2
1199,2025-09-25,Smartwatch,2,150,Alexandria,Accessories,300,Sep,9
1200,2025-10-22,Headphones,1,800,Tanta,Accessories,800,Oct,10
1201,2025-04-23,Laptop,4,800,Tanta,Electronics,3200,Apr,4
1202,2025-04-11,Smartphone,2,150,Tanta,Electronics,300,Apr,4
1203,2025-04-23,Smartphone,2,400,Alexandria,Electronics,800,Apr,4
1204,2025-03-22,Headphones,2,400,Mansoura,Accessories,800,Mar,3
1205,2025-07-06,Smartwatch,4,1200,Cairo,Accessories,4800,Jul,7
1206,2025-04-23,Smartwatch,2,250,Tanta,Accessories,500,Apr,4
1207,2025-01-02,Smartphone,4,400,Alexandria,Electronics,1600,Jan,1
1208,2025-05-10,Smartphone,2,800,Alexandria,Electronics,1600,May,5
1209,2025-08-08,Smartphone,3,400,Cairo,Electronics,1200,Aug,8
1210,2025-02-23,Laptop,1,1200,Cairo,Electronics,1200,Feb,2
1211,2025-12-09,Smartwatch,3,1200,Alexandria,Accessories,3600,Dec,12
1212,2025-08-12,Laptop,1,250,Mansoura,Electronics,250,Aug,8
1213,2025-08-13,Laptop,4,400,Cairo,Electronics,1600,Aug,8
1214,2025-05-06,Tablet,3,800,Alexandria,Electronics,2400,May,5
1215,2025-05-10,Laptop,2,800,Cairo,Electronics,1600,May,5
1216,2025-02-22,Laptop,1,150,Mansoura,Electronics,150,Feb,2
1217,2025-06-21,Headphones,1,800,Tanta,Accessories,800,Jun,6
1218,2025-08-06,Laptop,3,250,Cairo,Electronics,750,Aug,8
1219,2025-06-09,Smartwatch,4,250,Mansoura,Accessories,1000,Jun,6
1220,2025-07-17,Headphones,3,800,Alexandria,Accessories,2400,Jul,7
1221,2025-09-04,Tablet,4,800,Cairo,Electronics,3200,Sep,9
1222,2025-11-20,Smartphone,4,150,Cairo,Electronics,600,Nov,11
1223,2025-07-22,Tablet,1,800,Alexandria,Electronics,800,Jul,7
1224,2025-07-03,Laptop,3,150,Tanta,Electronics,450,Jul,7
1225,2025-05-03,Smartphone,3,150,Alexandria,Electronics,450,May,5
1226,2025-09-12,Laptop,4,800,Cairo,Electronics,3200,Sep,9
1227,2025-10-21,Tablet,3,1200,Alexandria,Electronics,3600,Oct,10
1228,2025-10-07,Laptop,2,1200,Mansoura,Electronics,2400,Oct,10
1229,2025-11-21,Laptop,2,150,Alexandria,Electronics,300,Nov,11
1230,2025-04-08,Smartwatch,3,800,Cairo,Accessories,2400,Apr,4
1231,2025-07-17,Smartphone,3,1200,Alexandria,Electronics,3600,Jul,7
1232,2025-08-28,Smartphone,4,800,Tanta,Electronics,3200,Aug,8
1233,2025-05-24,Smartphone,2,800,Alexandria,Electronics,1600,May,5
1234,2025-04-07,Smartphone,2,800,Tanta,Electronics,1600,Apr,4
1235,2025-07-20,Smartphone,1,400,Mansoura,Electronics,400,Jul,7
1236,2025-05-04,Smartphone,4,800,Tanta,Electronics,3200,May,5
1237,2025-07-06,Smartwatch,1,400,Alexandria,Accessories,400,Jul,7
1238,2025-11-22,Smartphone,2,150,Cairo,Electronics,300,Nov,11
1239,2025-12-15,Laptop,4,1200,Tanta,Electronics,4800,Dec,12
1240,2025-09-16,Headphones,3,1200,Mansoura,Accessories,3600,Sep,9
1241,2025-05-28,Laptop,4,1200,Tanta,Electronics,4800,May,5
1242,2025-09-09,Smartwatch,3,1200,Tanta,Accessories,3600,Sep,9
1243,2025-12-12,Smartphone,3,1200,Tanta,Electronics,3600,Dec,12
1244,2025-05-27,Smartphone,4,1200,Mansoura,Electronics,4800,May,5
1245,2025-05-28,Smartphone,3,1200,Alexandria,Electronics,3600,May,5
1246,2025-12-18,Smartphone,1,150,Tanta,Electronics,150,Dec,12
1247,2025-07-18,Smartphone,2,800,Tanta,Electronics,1600,Jul,7
1248,2025-11-04,Smartphone,3,250,Cairo,Electronics,750,Nov,11
1249,2025-05-08,Smartphone,1,400,Mansoura,Electronics,400,May,5
1250,2025-02-08,Smartphone,3,250,Tanta,Electronics,750,Feb,2
1251,2025-12-04,Laptop,2,250,Mansoura,Electronics,500,Dec,12
1252,2025-12-26,Smartphone,1,800,Tanta,Electronics,800,Dec,12
1253,2025-05-09,Laptop,2,800,Alexandria,Electronics,1600,May,5
1254,2025-09-24,Laptop,2,800,Alexandria,Electronics,1600,Sep,9
1255,2025-05-31,Smartwatch,1,1200,Tanta,Accessories,1200,May,5
1256,2025-10-25,Smartphone,1,150,Alexandria,Electronics,150,Oct,10
1257,2025-04-09,Headphones,1,1200,Tanta,Accessories,1200,Apr,4
1258,2025-09-20,Smartwatch,4,150,Alexandria,Accessories,600,Sep,9
1259,2025-09-09,Smartphone,1,150,Cairo,Electronics,150,Sep,9
1260,2025-05-24,Headphones,1,250,Cairo,Accessories,250,May,5
1261,2025-12-12,Tablet,1,250,Cairo,Electronics,250,Dec,12
1262,2025-04-22,Smartphone,1,150,Mansoura,Electronics,150,Apr,4
1263,2025-03-01,Smartphone,3,150,Mansoura,Electronics,450,Mar,3
1264,2025-01-02,Headphones,4,1200,Cairo,Accessories,4800,Jan,1
1265,2025-10-31,Smartwatch,2,1200,Mansoura,Accessories,2400,Oct,10
1266,2025-09-11,Smartphone,1,250,Alexandria,Electronics,250,Sep,9
1267,2025-05-20,Smartphone,3,800,Tanta,Electronics,2400,May,5
1268,2025-02-06,Laptop,3,150,Tanta,Electronics,450,Feb,2
1269,2025-06-09,Laptop,3,1200,Tanta,Electronics,3600,Jun,6
1270,2025-01-09,Smartwatch,2,250,Cairo,Accessories,500,Jan,1
1271,2025-08-21,Laptop,1,1200,Mansoura,Electronics,1200,Aug,8
1272,2025-04-09,Laptop,4,150,Alexandria,Electronics,600,Apr,4
1273,2025-05-27,Smartwatch,4,150,Alexandria,Accessories,600,May,5
1274,2025-10-31,Smartphone,3,400,Cairo,Electronics,1200,Oct,10
1275,2025-07-27,Smartphone,2,800,Alexandria,Electronics,1600,Jul,7
1276,2025-05-11,Smartwatch,2,400,Alexandria,Accessories,800,May,5
1277,2025-06-01,Headphones,2,250,Alexandria,Accessories,500,Jun,6
1278,2025-02-23,Laptop,4,1200,Alexandria,Electronics,4800,Feb,2
1279,2025-04-30,Laptop,3,250,Mansoura,Electronics,750,Apr,4
1280,2025-06-10,Smartphone,1,150,Alexandria,Electronics,150,Jun,6
1281,2025-04-26,Laptop,4,400,Tanta,Electronics,1600,Apr,4
1282,2025-03-16,Laptop,3,400,Cairo,Electronics,1200,Mar,3
1283,2025-04-23,Smartphone,3,400,Mansoura,Electronics,1200,Apr,4
1284,2025-04-14,Smartphone,1,250,Alexandria,Electronics,250,Apr,4
1285,2025-12-06,Laptop,1,150,Mansoura,Electronics,150,Dec,12
1286,2025-09-11,Smartphone,1,1200,Alexandria,Electronics,1200,Sep,9
1287,2025-08-15,Laptop,2,1200,Tanta,Electronics,2400,Aug,8
1288,2025-04-22,Smartphone,1,250,Cairo,Electronics,250,Apr,4
1289,2025-04-09,Laptop,3,400,Alexandria,Electronics,1200,Apr,4
1290,2025-06-02,Smartphone,1,800,Alexandria,Electronics,800,Jun,6
1291,2025-12-15,Headphones,3,250,Alexandria,Accessories,750,Dec,12
1292,2025-12-04,Smartwatch,4,250,Alexandria,Accessories,1000,Dec,12
1293,2025-07-13,Smartwatch,2,150,Cairo,Accessories,300,Jul,7
1294,2025-11-06,Headphones,4,1200,Cairo,Accessories,4800,Nov,11
1295,2025-06-12,Laptop,4,250,Tanta,Electronics,1000,Jun,6
1296,2025-07-27,Smartphone,3,250,Cairo,Electronics,750,Jul,7
1297,2025-06-18,Laptop,4,400,Alexandria,Electronics,1600,Jun,6
1298,2025-06-10,Smartwatch,3,400,Tanta,Accessories,1200,Jun,6
1299,2025-03-09,Smartwatch,1,800,Tanta,Accessories,800,Mar,3
1300,2025-10-16,Laptop,1,150,Tanta,Electronics,150,Oct,10
1301,2025-10-04,Smartphone,3,800,Alexandria,Electronics,2400,Oct,10
1302,2025-10-31,Smartphone,1,400,Mansoura,Electronics,400,Oct,10
1303,2025-05-15,Laptop,2,1200,Alexandria,Electronics,2400,May,5
1304,2025-07-14,Smartwatch,4,400,Cairo,Accessories,1600,Jul,7
1305,2025-05-08,Smartwatch,2,150,Cairo,Accessories,300,May,5
1306,2025-02-02,Laptop,4,400,Alexandria,Electronics,1600,Feb,2
1307,2025-06-25,Tablet,1,150,Alexandria,Electronics,150,Jun,6
1308,2025-01-22,Smartwatch,2,150,Tanta,Accessories,300,Jan,1
1309,2025-08-26,Smartphone,1,150,Alexandria,Electronics,150,Aug,8
1310,2025-06-07,Smartphone,4,150,Tanta,Electronics,600,Jun,6
1311,2025-02-07,Smartphone,3,150,Cairo,Electronics,450,Feb,2
1312,2025-08-18,Smartphone,3,1200,Tanta,Electronics,3600,Aug,8
1313,2025-12-31,Smartphone,2,800,Alexandria,Electronics,1600,Dec,12
1314,2025-02-20,Smartphone,1,250,Cairo,Electronics,250,Feb,2
1315,2025-09-21,Smartphone,1,800,Mansoura,Electronics,800,Sep,9
1316,2025-10-10,Smartphone,2,150,Tanta,Electronics,300,Oct,10
1317,2025-01-27,Headphones,3,1200,Cairo,Accessories,3600,Jan,1
1318,2025-08-14,Smartphone,4,400,Tanta,Electronics,1600,Aug,8
1319,2025-10-04,Laptop,2,1200,Cairo,Electronics,2400,Oct,10
1320,2025-10-13,Laptop,4,150,Cairo,Electronics,600,Oct,10
1321,2025-04-07,Tablet,3,1200,Tanta,Electronics,3600,Apr,4
1322,2025-10-11,Smartphone,1,1200,Mansoura,Electronics,1200,Oct,10
1323,2025-11-13,Laptop,3,150,Cairo,Electronics,450,Nov,11
1324,2025-10-31,Tablet,2,1200,Cairo,Electronics,2400,Oct,10
1325,2025-05-27,Headphones,1,250,Cairo,Accessories,250,May,5
1326,2025-01-04,Headphones,2,250,Mansoura,Accessories,500,Jan,1
1327,2025-02-04,Smartphone,2,1200,Mansoura,Electronics,2400,Feb,2
1328,2025-07-11,Smartphone,3,400,Alexandria,Electronics,1200,Jul,7
1329,2025-02-18,Smartwatch,2,150,Tanta,Accessories,300,Feb,2
1330,2025-01-17,Tablet,3,250,Mansoura,Electronics,750,Jan,1
1331,2025-06-21,Smartwatch,1,400,Tanta,Accessories,400,Jun,6
1332,2025-08-08,Smartwatch,3,1200,Alexandria,Accessories,3600,Aug,8
1333,2025-06-07,Smartphone,1,400,Tanta,Electronics,400,Jun,6
1334,2025-02-15,Headphones,3,800,Mansoura,Accessories,2400,Feb,2
1335,2025-01-06,Smartphone,4,250,Tanta,Electronics,1000,Jan,1
1336,2025-04-09,Laptop,4,1200,Mansoura,Electronics,4800,Apr,4
1337,2025-08-21,Laptop,2,150,Tanta,Electronics,300,Aug,8
1338,2025-02-06,Laptop,3,1200,Mansoura,Electronics,3600,Feb,2
1339,2025-10-07,Smartphone,3,150,Mansoura,Electronics,450,Oct,10
1340,2025-12-15,Smartphone,1,1200,Tanta,Electronics,1200,Dec,12
1341,2025-10-29,Smartwatch,2,400,Alexandria,Accessories,800,Oct,10
1342,2025-06-30,Smartphone,3,400,Cairo,Electronics,1200,Jun,6
1343,2025-04-05,Smartwatch,2,400,Alexandria,Accessories,800,Apr,4
1344,2025-04-09,Smartphone,4,800,Tanta,Electronics,3200,Apr,4
1345,2025-07-07,Laptop,3,150,Alexandria,Electronics,450,Jul,7
1346,2025-04-26,Laptop,3,400,Mansoura,Electronics,1200,Apr,4
1347,2025-07-10,Smartphone,2,800,Cairo,Electronics,1600,Jul,7
1348,2025-09-10,Laptop,3,150,Tanta,Electronics,450,Sep,9
1349,2025-06-10,Smartphone,2,1200,Tanta,Electronics,2400,Jun,6
1350,2025-09-13,Smartphone,3,800,Tanta,Electronics,2400,Sep,9
1351,2025-11-19,Tablet,1,250,Cairo,Electronics,250,Nov,11
1352,2025-05-08,Laptop,2,800,Mansoura,Electronics,1600,May,5
1353,2025-01-18,Headphones,3,800,Tanta,Accessories,2400,Jan,1
1354,2025-10-08,Smartphone,4,150,Alexandria,Electronics,600,Oct,10
1355,2025-08-11,Smartwatch,3,1200,Tanta,Accessories,3600,Aug,8
1356,2025-02-23,Headphones,4,250,Tanta,Accessories,1000,Feb,2
1357,2025-02-27,Smartwatch,4,400,Tanta,Accessories,1600,Feb,2
1358,2025-11-19,Laptop,1,400,Tanta,Electronics,400,Nov,11
1359,2025-12-26,Laptop,2,800,Mansoura,Electronics,1600,Dec,12
1360,2025-06-23,Laptop,3,150,Alexandria,Electronics,450,Jun,6
1361,2025-10-07,Tablet,1,150,Mansoura,Electronics,150,Oct,10
1362,2025-04-24,Headphones,3,400,Alexandria,Accessories,1200,Apr,4
1363,2025-10-15,Tablet,4,250,Tanta,Electronics,1000,Oct,10
1364,2025-12-08,Smartphone,2,1200,Cairo,Electronics,2400,Dec,12
1365,2025-05-31,Smartwatch,3,250,Mansoura,Accessories,750,May,5
1366,2025-05-07,Tablet,3,1200,Cairo,Electronics,3600,May,5
1367,2025-06-04,Smartphone,4,400,Mansoura,Electronics,1600,Jun,6
1368,2025-09-30,Smartphone,3,1200,Tanta,Electronics,3600,Sep,9
1369,2025-04-14,Smartwatch,3,150,Mansoura,Accessories,450,Apr,4
1370,2025-10-26,Smartwatch,4,800,Tanta,Accessories,3200,Oct,10
1371,2025-09-03,Headphones,1,800,Mansoura,Accessories,800,Sep,9
1372,2025-06-25,Smartphone,4,400,Tanta,Electronics,1600,Jun,6
1373,2025-02-08,Headphones,1,150,Tanta,Accessories,150,Feb,2
1374,2025-06-19,Smartphone,2,250,Alexandria,Electronics,500,Jun,6
1375,2025-09-04,Smartphone,1,150,Tanta,Electronics,150,Sep,9
1376,2025-01-26,Smartphone,1,800,Alexandria,Electronics,800,Jan,1
1377,2025-12-21,Headphones,2,800,Tanta,Accessories,1600,Dec,12
1378,2025-11-02,Smartwatch,1,150,Cairo,Accessories,150,Nov,11
1379,2025-01-13,Laptop,4,150,Tanta,Electronics,600,Jan,1
1380,2025-11-12,Laptop,1,800,Cairo,Electronics,800,Nov,11
1381,2025-11-09,Headphones,2,250,Cairo,Accessories,500,Nov,11
1382,2025-02-05,Laptop,4,400,Tanta,Electronics,1600,Feb,2
1383,2025-06-22,Headphones,2,400,Cairo,Accessories,800,Jun,6
1384,2025-01-20,Laptop,2,150,Alexandria,Electronics,300,Jan,1
1385,2025-11-17,Laptop,3,400,Mansoura,Electronics,1200,Nov,11
1386,2025-09-21,Laptop,3,800,Tanta,Electronics,2400,Sep,9
1387,2025-05-22,Laptop,2,800,Cairo,Electronics,1600,May,5
1388,2025-05-23,Smartwatch,2,150,Tanta,Accessories,300,May,5
1389,2025-04-02,Laptop,2,150,Alexandria,Electronics,300,Apr,4
1390,2025-12-20,Smartphone,3,150,Tanta,Electronics,450,Dec,12
1391,2025-11-18,Headphones,3,250,Tanta,Accessories,750,Nov,11
1392,2025-10-15,Laptop,1,400,Cairo,Electronics,400,Oct,10
1393,2025-08-03,Laptop,1,150,Alexandria,Electronics,150,Aug,8
1394,2025-12-08,Tablet,2,1200,Mansoura,Electronics,2400,Dec,12
1395,2025-02-20,Smartwatch,4,1200,Mansoura,Accessories,4800,Feb,2
1396,2025-06-02,Smartphone,4,800,Cairo,Electronics,3200,Jun,6
1397,2025-07-05,Tablet,3,400,Tanta,Electronics,1200,Jul,7
1398,2025-03-04,Smartwatch,3,150,Cairo,Accessories,450,Mar,3
1399,2025-07-09,Laptop,3,1200,Cairo,Electronics,3600,Jul,7
1400,2025-05-05,Smartphone,2,400,Cairo,Electronics,800,May,5
1401,2025-05-30,Headphones,4,800,Tanta,Accessories,3200,May,5
1402,2025-11-10,Smartwatch,1,250,Alexandria,Accessories,250,Nov,11
1403,2025-02-27,Laptop,2,400,Cairo,Electronics,800,Feb,2
1404,2025-12-08,Headphones,1,400,Tanta,Accessories,400,Dec,12
1405,2025-11-01,Headphones,1,250,Alexandria,Accessories,250,Nov,11
1406,2025-06-29,Smartphone,2,400,Cairo,Electronics,800,Jun,6
1407,2025-06-19,Laptop,1,800,Mansoura,Electronics,800,Jun,6
1408,2025-11-22,Smartphone,4,800,Alexandria,Electronics,3200,Nov,11
1409,2025-09-28,Smartwatch,1,250,Cairo,Accessories,250,Sep,9
1410,2025-02-23,Smartphone,4,150,Alexandria,Electronics,600,Feb,2
1411,2025-04-11,Smartwatch,4,1200,Alexandria,Accessories,4800,Apr,4
1412,2025-09-21,Headphones,4,150,Alexandria,Accessories,600,Sep,9
1413,2025-02-22,Headphones,3,400,Alexandria,Accessories,1200,Feb,2
1414,2025-03-01,Laptop,1,1200,Alexandria,Electronics,1200,Mar,3
1415,2025-04-18,Headphones,2,250,Alexandria,Accessories,500,Apr,4
1416,2025-01-05,Smartphone,2,250,Cairo,Electronics,500,Jan,1
1417,2025-04-13,Headphones,1,1200,Mansoura,Accessories,1200,Apr,4
1418,2025-07-15,Smartphone,3,800,Tanta,Electronics,2400,Jul,7
1419,2025-09-19,Laptop,3,1200,Alexandria,Electronics,3600,Sep,9
1420,2025-12-31,Headphones,4,400,Tanta,Accessories,1600,Dec,12
1421,2025-12-16,Smartphone,1,800,Cairo,Electronics,800,Dec,12
1422,2025-02-16,Smartphone,1,250,Alexandria,Electronics,250,Feb,2
1423,2025-12-21,Smartwatch,2,1200,Mansoura,Accessories,2400,Dec,12
1424,2025-11-07,Smartwatch,1,150,Tanta,Accessories,150,Nov,11
1425,2025-11-04,Smartwatch,3,150,Alexandria,Accessories,450,Nov,11
1426,2025-05-24,Smartwatch,1,400,Cairo,Accessories,400,May,5
1427,2025-09-26,Laptop,2,150,Mansoura,Electronics,300,Sep,9
1428,2025-05-04,Smartphone,4,1200,Tanta,Electronics,4800,May,5
1429,2025-04-16,Laptop,2,1200,Tanta,Electronics,2400,Apr,4
1430,2025-06-07,Smartphone,2,150,Alexandria,Electronics,300,Jun,6
1431,2025-05-27,Tablet,4,1200,Mansoura,Electronics,4800,May,5
1432,2025-05-25,Smartwatch,2,400,Mansoura,Accessories,800,May,5
1433,2025-04-30,Laptop,2,800,Mansoura,Electronics,1600,Apr,4
1434,2025-11-15,Laptop,1,400,Mansoura,Electronics,400,Nov,11
1435,2025-10-02,Tablet,1,400,Cairo,Electronics,400,Oct,10
1436,2025-04-02,Smartphone,4,1200,Mansoura,Electronics,4800,Apr,4
1437,2025-02-27,Smartwatch,1,800,Tanta,Accessories,800,Feb,2
1438,2025-12-12,Laptop,1,1200,Tanta,Electronics,1200,Dec,12
1439,2025-08-17,Smartwatch,2,250,Cairo,Accessories,500,Aug,8
1440,2025-04-27,Smartphone,3,1200,Tanta,Electronics,3600,Apr,4
1441,2025-11-14,Headphones,1,1200,Tanta,Accessories,1200,Nov,11
1442,2025-10-06,Tablet,3,1200,Mansoura,Electronics,3600,Oct,10
1443,2025-05-07,Smartwatch,1,800,Tanta,Accessories,800,May,5
1444,2025-05-09,Smartwatch,1,1200,Cairo,Accessories,1200,May,5
1445,2025-02-27,Tablet,4,800,Mansoura,Electronics,3200,Feb,2
1446,2025-05-02,Smartwatch,4,150,Alexandria,Accessories,600,May,5
1447,2025-01-01,Smartphone,4,250,Mansoura,Electronics,1000,Jan,1
1448,2025-08-27,Smartwatch,3,800,Cairo,Accessories,2400,Aug,8
1449,2025-10-17,Smartwatch,2,150,Mansoura,Accessories,300,Oct,10
1450,2025-04-06,Laptop,1,800,Mansoura,Electronics,800,Apr,4
1451,2025-05-06,Smartwatch,1,800,Cairo,Accessories,800,May,5
1452,2025-04-28,Tablet,1,250,Mansoura,Electronics,250,Apr,4
1453,2025-02-17,Tablet,3,400,Cairo,Electronics,1200,Feb,2
1454,2025-03-30,Laptop,4,400,Cairo,Electronics,1600,Mar,3
1455,2025-08-25,Smartphone,2,800,Alexandria,Electronics,1600,Aug,8
1456,2025-09-29,Tablet,3,1200,Tanta,Electronics,3600,Sep,9
1457,2025-07-08,Headphones,4,150,Tanta,Accessories,600,Jul,7
1458,2025-07-11,Smartphone,3,1200,Mansoura,Electronics,3600,Jul,7
1459,2025-03-10,Tablet,2,1200,Mansoura,Electronics,2400,Mar,3
1460,2025-10-05,Headphones,4,800,Alexandria,Accessories,3200,Oct,10
1461,2025-12-15,Laptop,3,800,Alexandria,Electronics,2400,Dec,12
1462,2025-09-04,Smartwatch,2,800,Alexandria,Accessories,1600,Sep,9
1463,2025-03-17,Laptop,1,800,Cairo,Electronics,800,Mar,3
1464,2025-06-03,Smartphone,2,400,Alexandria,Electronics,800,Jun,6
1465,2025-05-24,Laptop,1,800,Alexandria,Electronics,800,May,5
1466,2025-03-27,Headphones,3,400,Mansoura,Accessories,1200,Mar,3
1467,2025-07-04,Smartphone,4,400,Alexandria,Electronics,1600,Jul,7
1468,2025-10-12,Laptop,4,800,Cairo,Electronics,3200,Oct,10
1469,2025-08-08,Laptop,3,250,Cairo,Electronics,750,Aug,8
1470,2025-03-10,Laptop,4,150,Mansoura,Electronics,600,Mar,3
1471,2025-02-16,Tablet,4,1200,Alexandria,Electronics,4800,Feb,2
1472,2025-04-04,Laptop,1,400,Alexandria,Electronics,400,Apr,4
1473,2025-08-26,Laptop,3,150,Cairo,Electronics,450,Aug,8
1474,2025-07-23,Smartwatch,2,250,Alexandria,Accessories,500,Jul,7
1475,2025-08-06,Laptop,1,1200,Alexandria,Electronics,1200,Aug,8
1476,2025-12-07,Smartphone,3,1200,Alexandria,Electronics,3600,Dec,12
1477,2025-02-08,Laptop,1,400,Tanta,Electronics,400,Feb,2
1478,2025-04-10,Smartphone,2,800,Mansoura,Electronics,1600,Apr,4
1479,2025-10-16,Smartphone,2,250,Tanta,Electronics,500,Oct,10
1480,2025-09-11,Laptop,3,400,Mansoura,Electronics,1200,Sep,9
1481,2025-08-10,Laptop,2,250,Cairo,Electronics,500,Aug,8
1482,2025-12-23,Tablet,1,800,Alexandria,Electronics,800,Dec,12
1483,2025-01-23,Laptop,2,800,Mansoura,Electronics,1600,Jan,1
1484,2025-09-07,Smartwatch,1,400,Tanta,Accessories,400,Sep,9
1485,2025-01-10,Smartwatch,1,800,Alexandria,Accessories,800,Jan,1
1486,2025-09-03,Smartphone,2,150,Cairo,Electronics,300,Sep,9
1487,2025-11-21,Smartwatch,3,1200,Mansoura,Accessories,3600,Nov,11
1488,2025-04-10,Smartphone,4,400,Mansoura,Electronics,1600,Apr,4
1489,2025-10-17,Tablet,2,250,Mansoura,Electronics,500,Oct,10
1490,2025-06-29,Smartphone,1,150,Alexandria,Electronics,150,Jun,6
1491,2025-08-11,Laptop,1,400,Tanta,Electronics,400,Aug,8
1492,2025-09-07,Smartphone,2,800,Tanta,Electronics,1600,Sep,9
1493,2025-05-27,Tablet,3,800,Mansoura,Electronics,2400,May,5
1494,2025-04-06,Laptop,3,800,Cairo,Electronics,2400,Apr,4
1495,2025-09-14,Smartwatch,1,800,Cairo,Accessories,800,Sep,9
1496,2025-11-21,Smartphone,1,250,Tanta,Electronics,250,Nov,11
1497,2025-01-04,Smartwatch,3,150,Cairo,Accessories,450,Jan,1
1498,2025-01-16,Smartphone,4,1200,Tanta,Electronics,4800,Jan,1
1499,2025-10-07,Headphones,2,250,Mansoura,Accessories,500,Oct,10
1500,2025-12-02,Smartphone,1,250,Tanta,Electronics,250,Dec,12
